0.250138216,0
-2.622265382,-6.490666653
-1.767423617,-2.423635553
-0.204096489,-3.814579609
1.260704579,-2.255599273
0.953282913,1.35849689
-0.873213572,-2.804694388
-0.197157937,3.444941206
0.256500907,-1.2195127
0.974971219,0.257598698
0.094470781,-4.756588926
-1.085500969,-3.371984659
-0.900269577,-2.693471843
-0.364764251,-3.439593444
-0.026618032,6.832159835
-0.176109277,-0.280090434
-0.899588808,-3.978911255
0.622456248,7.135924669
0.11658795,6.025153941
-0.422337945,-4.219708661
-1.706669296,-0.866236072
0.422667659,-1.279495629
0.609122591,-1.639422712
0.982152542,-0.066755677
-0.448906363,-4.512794289
-0.443710955,2.139929343
0.842133001,1.958497935
-0.401908191,-2.594358816
-0.266568166,6.128922311
-0.675471702,-1.752932881
-0.787275612,-2.615551485
-0.660318382,0.347880618
0.796989075,7.369507991
0.420994924,3.116772211
-0.026438697,3.144747098
-0.590394913,-4.659001284
-0.918791451,-6.365440362
0.950570208,0.272321709
-0.121680442,-1.154881773
0.208354577,-2.071906207
-0.443702905,-0.631344874
0.614944233,6.918128608
1.105148309,-3.332317463
0.440670657,-0.473280815
-0.319110015,2.752375505
0.403041809,0.263732083
-0.295934654,0.066439463
-0.680172362,-0.463534535
-0.333336691,-1.941420926
-0.218265307,0.605430611
-1.662023632,-0.200566668
0.418090031,-0.674844552
-0.059572206,1.01056667
2.867475124,8.795929471
0.440682971,-7.92680271
0.416933291,1.058106531
-0.208155371,-1.458112034
0.708965081,3.090970223
-0.105799018,1.223476938
1.102158274,5.234900779
-0.100341043,1.386461173
0.119662888,-1.751429219
0.033194822,1.871862794
-0.719594887,1.247067428
0.641865702,-1.848448612
0.336336384,6.409555821
1.709732806,3.112084605
-1.889006915,-7.495046457
0.011827632,-4.708207183
0.788134622,0.12200036
0.438919647,4.348609087
-0.147864207,-0.829403054
0.665054017,1.536135287
-0.110419876,-1.298776731
-1.949288242,0.415681497
-2.7856661,-4.60567616
0.636595531,0.74122157
0.705515486,0.858629193
0.239195794,-0.122861319
0.03811516,0
-0.07206177,0
0.767188161,2.533374411
0.264350412,1.478407539
-0.449643712,-4.01178195
0.311401407,0.30687073
0.077076389,0
0.86006055,-0.122635312
-0.597085078,0.607160905
-0.081357251,-0.729946795
-0.012368416,-0.366981254
0.091725838,-2.858396299
-0.159888869,-1.205631359
-0.011054765,-1.673980285
0.428019006,-0.12825944
0.544259093,2.312269417
0.283931138,-1.665392915
1.28563755,0.964918717
-0.267316266,-0.513624082
0.556461094,2.036508156
-0.837280335,-0.886317473
-0.98008354,3.004027282
0.513161302,1.771771616
-0.297637074,4.962715918
0.713505973,-1.216694102
-0.457210227,-0.117480705
0.342192722,0
0.336971069,3.048532931
0.122572778,-1.484786163
0.404385254,-0.113647341
0.75285468,-1.801187395
0.02776878,1.45516257
0.038048811,1.319621772
-0.018780231,0.284308093
0.181513468,0.171466717
-0.005079891,-0.740893519
-0.087242835,-0.516984702
-0.152002216,-0.575664784
0.409136986,0.862259214
0.088943571,0.287904998
-0.44382085,-0.919930326
-0.278225675,-2.866962581
-0.002993042,-0.296814997
-0.507180945,-1.378161436
-0.104661729,-3.376041049
0.115873091,-2.337154356
0.18918078,2.588083856
-0.136337528,1.483351318
0.532749249,-0.863380794
-0.392927063,-0.870900024
1.009590076,2.526779045
0.432208577,0.425532557
0.132965177,-3.704212401
-0.097259879,-5.827031446
-0.07290118,-1.678648427
0.769249292,1.01056667
-0.059077801,-0.539206543
0.198581502,1.2072883
0.425792986,1.259151536
0.586414007,-0.262863892
0.817453946,5.396364102
0.387394626,-3.63106737
0.016705169,-1.765296731
-0.168596107,0.329084999
0.619130998,2.79011402
-0.274232221,-1.353902288
0.341659192,-0.518550194
-0.129683259,-0.983882645
0.015367149,-1.323770288
-0.157297788,-2.021640655
0.051348475,0.813567235
0.480067711,1.93880827
0.521189213,2.160702215
0.345589666,4.560728061
-0.471655321,-3.721326825
0.525823615,-0.194191111
0.751564735,3.044072924
0.342422626,3.860813486
0.563262905,-2.989368474
-0.106038517,-2.126995459
0.214595415,-0.697806524
0.703708642,-0.447257728
0.130642979,3.087280816
0.427813721,3.832668639
-0.172028692,3.231242303
-0.020341401,1.150164212
0.304850153,0.511912075
0.522813675,2.471379926
0.033308164,-0.167564867
-0.45876962,-2.303815058
-0.100207764,-2.708004466
0.003026292,0
0.05856898,1.908187392
-0.207858587,-1.499775285
0.250931656,0.058518191
0.242946968,-1.348070323
0.149513652,1.462839877
0.132775762,-1.344320044
0.164990375,0.703828042
0.385946088,1.104720328
0.249755011,-0.754655285
-0.307883645,-0.117276591
-0.415705905,-0.584083258
-0.351630664,1.686249019
1.01114573,1.20488533
-0.325635236,-0.284955004
-0.915494185,-0.861917583
-0.123778747,-1.334174807
-0.542619441,1.162187234
-0.515039429,0.11397483
0.406544869,3.291599625
0.561384479,0.110160784
0.162530714,-0.782060482
0.269865814,0.503305959
0.150069656,3.67708031
0.177540266,0.857722212
0.702665206,-1.290366338
0.272440013,1.236600219
-0.111064253,2.167401705
0.380789905,0.315267362
-0.313698675,-2.214127088
-1.131912938,-4.414750838
-0.153763948,-4.616514789
-1.69609863,-2.480948757
-0.370684825,1.128127302
-0.554133353,4.56641335
0.839160509,0.564789391
-0.136014072,-1.130669279
-1.085429467,1.746402641
1.339740605,3.673023545
0.719478845,-0.920866917
0.077281319,2.150835876
1.042846098,1.476963238
-0.405730078,-0.261938887
-0.104033173,-1.268532611
0.491238593,2.625500496
0.43399705,-1.884880721
1.135815894,4.035829914
0.540306943,-0.659843122
0.802442409,2.020689252
0.271144451,-1.106040069
0.620085015,-0.203792881
-0.081172577,-0.91652365
-0.126011776,1.069407234
-0.073973018,0.957268417
-0.186249679,0.748147089
-0.909552507,-3.801848436
0.897771338,0.51483132
-0.104778543,-0.360872628
0.081393495,0.257350965
0.017445783,0.514631759
-0.63099772,0.306751629
0.028843475,-0.717861726
-1.925228539,-4.468955844
0.0846825,0.054083831
0.806907357,1.439445905
0.71409046,1.473496367
-0.410615816,-0.8909093
-0.053400637,-1.271889801
-0.709804675,5.29723975
0.780494003,-0.101844526
-1.039234427,0
0.926454654,-2.617214793
0.398563872,2.364040534
-0.321501909,-0.510180997
0.126685424,1.168233169
0.846098464,2.292630186
-0.080622484,-2.142395416
-0.117482226,5.008502109
-0.968754859,-3.559120378
-0.677482701,0.49628809
0.447307257,3.30171713
0.498761114,0.951637092
-1.246380886,-3.516250147
0.089360463,0.293691325
0.400034776,-0.63773046
0,0
0.022011313,0
0.889327815,1.320277402
0.53028636,1.540287161
0.029720879,-0.959446017
0,0
-0.145005576,0.529191932
-0.916343362,0.57444765
1.624342635,4.662350902
-0.229968548,0.227253553
-0.435642054,0.228428428
-0.277311187,-0.911744306
-0.636560298,-4.925761095
0.560511522,1.386106193
0.043173324,-1.386106193
-0.10371225,0.62336658
-0.575145012,2.455319531
1.346082289,2.530390862
0.101497986,-1.234036454
-0.368432276,-2.093518855
0.214037706,1.493174736
0.104287224,0
0.432959534,1.151064695
0.127989744,-1.382530286
0.199672068,1.015149805
0.274351593,3.031556968
0.647647355,0.709944648
0.206735318,-3.374121134
-0.247886961,-1.614532883
-0.340356754,1.156381097
-0.094798809,0.640485883
0.678100808,1.361209394
-0.445067645,-2.047968961
0.143098819,1.50570664
-0.433377871,1.618044446
0.183134031,1.417152999
0.19698529,1.222734033
-0.411482437,0.563172675
0.398948665,0.603213611
-0.586706905,-0.862621308
0.088109819,-0.087157227
-0.60434934,-1.659093257
-0.903934941,-2.498488494
-0.722817359,0.719530128
-0.659073438,-0.810468314
0.211831196,-3.495714602
0.245832029,-0.516028608
-0.020262007,-1.04011515
-0.882036938,4.23476775
-0.22135101,-2.398114011
-0.221203625,3.034767645
1.09761277,-0.499159236
0.232991522,0.227045625
-0.081316594,-1.60197228
-0.412762202,-2.192502176
-1.766041043,-1.664445115
-1.041980484,-2.872103862
-2.028015288,-3.618575595
0.673500549,4.796243041
-1.481198844,-4.0305527
-0.837155244,0
0.747114854,3.443452592
-1.821864182,-1.880979491
-3.945076535,-5.922341264
2.083717637,0.581540252
2.3993835,5.340801012
1.54316488,4.878484022
-0.820095247,-0.621280336
0.090888471,2.74240704
1.044521753,2.303137309
-0.16960585,-2.443966486
-1.879231879,-2.696265535
0.294393227,0
1.717639793,1.285780203
-0.683062997,-1.527371602
0.774040588,0.241591399
0.652326695,2.134456503
0.448043231,2.091561407
0.133725738,-0.461981844
0,0
-0.012252292,0
0.057353644,0.598963476
1.922676819,3.695291289
0.148178177,1.755549426
-0.47601366,-0.436820194
-0.826546994,-2.609969186
0.196725416,-0.719204435
0.069922502,-0.45193244
-0.019523158,-1.692543451
0.722838858,3.40012476
0.728322106,0.311878156
-0.024097052,-0.893434997
-0.014417267,-1.53587499
-0.806207473,-2.442832847
0.323915144,1.940939062
0.225373461,0
0.112709868,2.798608532
-0.488483717,-0.670635288
1.010223658,2.346564882
-0.112091234,-0.307094444
-0.918741826,-5.087577312
0.197277584,0.185736205
-0.189246463,-0.64813286
0.523377572,0
0.674043479,-0.838786861
0.232450429,0.233412985
0.325791993,1.849654111
-0.260117976,-0.781883581
0.015021684,1.102467727
-0.355064681,-0.825709233
-0.086709787,0
-0.234975027,-2.046408816
-0.376841462,-1.66069819
0.285734053,1.094920848
0.029052252,0.188362098
0.234292119,1.405854297
0.666263214,0.97161027
-0.054266697,1.962514519
0.207333446,2.719459273
0.065421769,-1.283231912
-0.692584016,-1.707726082
-0.836888659,-1.644656306
0.527273378,2.41171699
-0.724516697,1.030266677
-0.499987305,-1.480369886
-0.446189978,-2.007973275
0.120505312,0.231582843
-0.270277317,1.596117615
-0.005957069,-1.596117615
0.321484304,3.478758057
-0.305924226,0.707427611
-1.335016027,-4.186185668
0.312720183,1.776390432
0.625427308,-0.134752749
0.590471517,-1.412299411
0.571572843,2.715129434
-0.132095686,-1.031824866
-0.598021135,0.539816902
-0.413014211,-2.59134508
-1.918876416,-4.617609271
-0.355539006,-1.407862275
-0.195496935,1.456367158
-1.202878303,-1.700866057
0.705138635,2.946710076
0.131999149,0.332920442
-0.403564584,-0.380824635
-0.441240903,-2.020306949
-0.577797791,-0.144974836
1.048972442,1.592204115
-0.787797577,0.048179443
0.159645294,1.33088382
-0.734240507,-0.853912744
-0.933823729,-4.332414576
0.254496114,-3.030591999
1.016604253,1.679119178
0.393014716,2.587910504
0.717380953,2.234709633
0.602774541,-0.094960813
0.48986101,3.867866025
-0.128615985,1.058428771
-0.247343278,-1.058428771
-0.127214307,1.240846798
-0.591459424,-0.365169424
-0.779742914,-1.060375134
0.00220533,0.921808168
0.040586727,1.050696359
1.095255768,1.936009737
-0.303584268,0.179282917
-0.332663523,0.753448593
-0.774044468,-0.798239197
-0.071720208,0.222097085
0.403126071,1.412144031
-0.036533123,-0.484357538
0.204162774,-2.765735676
0.761215422,1.213497284
0.073705704,0
-0.416526575,-1.304599629
-0.047151552,-0.045582315
-1.252901394,-4.540936071
0.142067642,-0.905288773
-0.867310057,0.714263369
-0.001263536,0.993578155
-1.041244178,-1.804177208
-1.885238643,-4.806042532
-2.291146937,-4.893250173
-1.603879141,0.997992746
-6.566663196,-8.901359959
-0.517457028,1.644416296
1.414592424,2.221646462
-3.961567033,-4.495915492
0.198685009,3.168444129
-1.887947718,-0.61401602
-1.385200593,-5.351874074
-5.506952178,-7.039249811
-4.318962061,-3.812760881
5.158999829,6.503401606
1.553682426,7.146055053
1.538040134,4.385280147
1.047397369,0.712880778
2.959761095,2.160450466
-1.454789669,-1.398063108
0.346976769,1.130795262
-0.102110018,-0.969332374
2.67353059,5.576931685
-0.399901764,0.562963886
-0.67580773,-1.280759612
0.001690816,1.024395473
2.100328757,4.344101398
2.635021577,2.699590108
-0.944207751,-2.066211404
-1.703840783,-2.955916406
0.801193032,0.945835207
1.859004664,4.407128752
-0.727324043,-1.672419763
-1.06818611,-2.784558979
0.724408264,-0.996658244
1.731547115,4.979157048
0.579215706,2.260022849
-0.93635392,-2.30795
1.456990569,0.760567545
-1.238253834,-1.6701998
-2.17866975,-2.186344638
0.575649513,1.70500458
0.334805462,-0.290281199
0.321351974,1.30057174
1.756315263,3.938658826
0.147661125,0.960045571
0.958692446,-0.091683935
1.531473609,0.273106028
-0.866302338,-4.081705371
-1.800731824,-1.285780203
2.054781548,4.22601791
0.42614419,-1.716090537
0.601177389,1.023177628
0.56219508,2.423844586
2.039193221,1.568941382
-1.018776953,-1.162231803
0.119649248,1.074328458
0.286676512,0.087903345
0.004331423,-4.456254155
0.155694219,1.842824036
-0.311396261,-0.503272325
-0.878317134,-4.027413343
-0.070741348,2.455319531
0.175386514,0.232542101
-0.763481953,-2.926746475
0.612996507,1.521554777
1.872593739,4.066588066
0.823887519,-0.818572331
-0.290289447,-1.194912788
-1.178611889,-2.053102946
-0.387580065,0.564448358
-0.941903691,-1.275404082
-1.135903792,-1.290087563
-0.591412842,2.001043288
1.441125312,1.868659886
-0.073120238,1.287420605
-0.215099981,-0.27460596
-0.379624127,-2.458715094
0.715203326,4.410541085
0.265034589,0.672739978
0,0
0.019662916,0
1.065156221,0.489599093
0.66059327,1.279833228
-0.08126079,-0.219269626
0,0
0.132084509,-0.439986919
1.147415377,1.010068258
0.199768718,0.608950998
-0.017830977,-1.223271788
-0.608866008,-0.440182039
-0.278760232,1.140793242
-0.61444059,0.436820194
0.096000147,-0.611105789
-1.725714266,-2.435683591
0.195226969,0.268581933
-0.460742737,-2.351463113
1.27732612,-0.13825005
-0.137599333,-0.090563465
-0.36605486,1.997155369
0.519638024,-1.085025976
0.473511729,0.182784467
0.459812801,2.420584402
-0.179195182,-0.178409232
0.457592583,2.107235436
-0.84787241,-2.684284478
-1.368282271,-2.485185564
0.616622123,2.127004075
-0.548604132,-0.13527621
-0.885528556,-0.26942692
-1.481595775,-2.272767324
-1.072633039,-1.622764179
1.094034275,0.372154926
0.186726742,0.046855884
0.465749384,2.755042323
-0.435395976,-1.551288955
0.527496912,1.868102216
0.808110697,-2.053411375
-0.653952766,-1.812748931
-0.615929473,0.234069419
-1.605898188,-0.281299052
-0.663020097,-2.376047901
0.343843039,0.432661179
-0.666636563,-1.155542895
0.709210612,3.051677666
0.729343574,0.702969133
0.292748504,-0.890446739
-0.081407893,-2.381698764
0.545557836,1.910580219
2.116123599,2.704840718
0.198149481,0.50465846
0.15103232,0.138122747
0.4574387,0.591255248
0.509773885,0.771175175
-0.183769533,-0.679741179
-0.44054901,-0.408714139
-0.023304495,1.402306119
0.080939856,-0.043578098
0.682054229,2.047626587
0.534719226,0.702147782
0.267061254,-0.218789886
-0.800894733,-0.4390211
-0.119176122,-1.330411221
0.275177384,-2.120280184
-0.235049823,-1.377444031
-0.055948835,-1.257005845
0.126940936,-0.047119186
0.885412311,1.625798698
0,0
-0.004097451,0
-0.18246046,-0.183932598
0.161147741,-0.092954407
-0.320380252,-1.115278947
0.150793483,0.746052006
-1.169961995,-1.072242584
0.501876031,2.133109988
0.668338147,2.178963951
-0.827689328,-0.540306033
0.399743888,1.567527026
0.151402654,0.442917363
0.999709401,1.318729232
0.522567583,-0.656371752
-0.292163405,1.005656075
0.60939628,0
-0.482275627,-1.358476954
-0.148200031,1.446012825
-0.144197757,6.072755484
-1.242807149,-0.164820109
-0.127854585,-1.237154531
-0.286806816,1.727762374
0.424453127,-1.977040603
-0.137558277,-1.003373743
0.118695886,2.980414346
0.289607742,1.779076667
-0.349479888,0
-0.823397017,-2.597077138
1.554670911,0.737413551
-0.287442998,-1.067418992
-0.43547297,-0.164642018
0.540743789,1.720666273
0.720424566,0.161835583
0.092129251,-0.243609166
-0.123917926,-0.489005956
-0.209830985,1.136814513
-0.66625263,-0.566034975
-0.412300191,-0.408018343
-0.665375961,-1.727762374
-0.002440481,0.909761903
0.075067636,1.144245231
0.126772795,0.810234148
-0.44884422,-4.452553518
-0.119793597,0.335660263
-0.745108704,0
0.159821374,-0.842851799
-0.253294243,0
-1.351429943,0
-0.149996623,-1.108352487
-0.024455603,-0.257404515
-1.051410239,-1.123679681
-0.18725449,1.46727046
0.466627261,0
-1.491035745,-1.728259285
-1.169332254,-2.112800854
-2.360807417,-2.887783389
1.888236602,1.634941471
-0.609033103,-2.55550099
-1.608936237,-2.148074726
-2.035323342,-1.617744944
0.145801963,3.76581967
-2.200661942,-2.243136787
1.631021588,2.151819661
-1.813063753,-0.464767546
1.199812515,0.371641613
2.592350072,2.19792818
-0.043133729,0.99090529
-2.581680869,-4.119669356
-2.175048933,-6.166570551
0.726242249,0.395600849
2.347847575,1.962100981
-0.093292102,-0.584234629
-0.580362046,-1.973712011
-2.250946092,-4.064414595
-3.885808593,-5.545884991
-0.51445438,-0.329496333
-3.316867588,-7.655195751
-0.450024906,2.69425082
1.789286098,9.374030077
1.037406141,4.9272935
-3.207594944,-6.198505423
-4.318641534,-4.025185705
-3.417206293,-3.847398563
-3.655311146,-3.880642484
4.12762224,3.766667654
0.281343037,6.156206792
4.593808144,5.69785553
-0.319128026,-3.336525018
0.762358435,3.643750784
-2.648108432,-8.980568508
-1.549712542,-5.164769363
-2.882904267,-3.474804751
2.311445531,6.149311005
0.316010585,0.68572184
2.00881856,2.029396146
1.328505424,3.939266948
-1.169970511,-3.605002485
0.515197795,-0.334264463
-1.451677881,-1.802568978
2.3862052,3.57117673
0.478592929,1.091219184
2.380868254,2.145374336
-0.680262247,-0.63899249
1.490114084,1.380013993
1.886474118,2.394092539
-0.851742287,-2.078464796
-0.457376161,0
1.428935814,2.078464796
-2.726800475,-3.346997407
-2.327213697,-2.476596104
0.041135347,1.191764767
-1.264366262,-2.178080846
-2.693394975,-4.96863361
-0.455941021,0.23265343
-0.921586201,-0.695256935
2.337523171,1.385713405
-1.040651107,-0.9231099
1.30897015,3.19010041
1.397887321,-0.561422624
-2.80116253,-0.452684768
-2.129231439,-2.290363829
-0.485263793,0.576990922
-0.79258989,1.146211629
-4.366851285,-8.556348307
-1.689765595,-1.375736033
-0.225008453,-0.124303739
-4.141091257,-8.063349647
-1.662942039,-3.118592024
1.745794264,3.255867385
3.182157259,5.88956613
-0.410085188,1.71918562
-4.494822204,-6.321472812
0.680798323,6.763099088
1.939910901,4.610335451
-2.252994491,-2.124153834
-2.910344631,-4.903597608
-1.477255851,3.045944761
-0.799449227,-1.511375604
-0.988581383,-1.022017737
2.163195429,2.533393342
5.704439607,6.473066255
-0.745836158,-0.883729231
5.967430428,7.732644193
-1.071303744,-0.880503682
2.668134571,4.900462815
0.231431711,-4.019959133
0.429719837,0.599613573
-0.106336485,1.564322641
-3.749682116,-7.099134441
1.573009159,1.823113623
-0.393752436,-1.248614194
1.889873592,1.586647417
-2.632332406,-3.259491005
1.334816747,2.015116741
1.651171332,0.681051702
-0.530683692,-2.057230012
3.405836756,7.022431664
1.230902766,2.86298716
-0.348854945,-2.540577421
-2.470662119,-2.389520183
-1.071983819,-1.718340504
-1.181346941,0.16859374
0.621688143,-1.0095501
-1.081434213,-3.558211589
2.297824012,2.081029839
0.535922429,-1.265866847
1.258628037,1.950029719
-0.622231541,-1.373038797
0.149135628,2.503708076
3.113552106,4.395006603
0.800408299,0.589335758
0.241142972,-2.762695899
-1.551679318,-1.38351296
1.857751576,1.38351296
1.428544127,2.012939805
-0.240697042,0.160420336
0.785363427,-2.834893113
-2.193437968,-4.293788248
-0.70520881,-4.066511244
-0.713054941,0.060488615
-0.741195402,-2.310932019
-2.186305624,-3.121798218
0.47985568,-0.828697948
1.210117657,0.254801476
-0.873319957,0.064193248
-1.231540196,-4.367421466
1.911342993,5.759971524
-0.742721404,-1.647187814
-1.227329224,-2.592469591
-1.163781987,-2.928030925
0.842959968,1.208889818
0.241141804,1.851105936
0.127040141,-0.131964829
0,0
0,0
-2.003346829,-1.719141107
0.388573526,0.928603748
0.305315912,1.836572001
0,0
2.435384027,2.310775927
0.903626368,0.819541596
-0.099558594,-2.354110752
-0.723949825,-2.876862346
-1.164210091,1.054620933
0.660216831,1.49995531
0.569872076,2.739702094
0.574956492,-0.821384018
0.242561648,-2.372238744
-1.070628152,-1.967292586
-0.35989588,-2.481293673
-2.117451634,-2.334437576
-0.783171491,-3.178462201
-0.857868158,-0.43135273
-1.798192958,0.717002376
-0.06592369,-0.213492822
-0.544981515,0.928037719
-2.864761994,-3.690794011
-0.702921399,-1.482984239
-1.055500162,-1.66106038
1.748638746,6.264144154
-0.144386887,0.071847686
1.796439548,4.806408162
-2.440285826,-1.437624504
1.12819392,1.913117332
-1.533514204,-3.653961129
-0.764749915,-0.564268934
-1.457191869,-3.15492013
2.180229479,2.944144133
-1.350954163,-3.237933959
0.224774203,8.207964753
1.465793751,-1.016517562
1.735500739,4.132080529
0.823065707,0.845399573
-1.283505091,-1.106028884
-1.102950611,-0.525757138
0.162702074,-0.859367785
-1.080954197,-0.198034572
-3.054752595,-2.763508943
-1.313678409,-4.403038628
0.784022243,-1.294074242
1.452184603,6.037872024
0.196126848,-1.37263322
-1.925252519,-2.660286237
-0.925699436,-2.293911571
-1.30567268,-0.146147418
-1.777260953,-1.759608241
-2.580600209,-2.396309762
-0.35149558,-0.226122938
-2.684623573,-5.703025171
4.1349018,6.90967207
4.511780175,4.760724286
2.314541342,6.174050445
0.3868257,1.334382119
0.783399929,-0.597771924
-0.94906556,1.061615246
3.272719192,3.950469649
-3.023457734,-3.621166295
0.386893122,-0.52642058
0.034369283,1.835317458
-1.435295796,-1.771211731
-0.23727281,-0.928603748
-2.770532714,-2.570317379
1.102833307,2.168975712
2.885058242,5.031742185
0.457463123,0.825541938
0.808297038,0.629346432
3.711228399,3.577722023
-1.00174501,-2.57847071
-0.130888181,-1.503822852
-1.111039706,0.253777423
0.714639761,0.752832509
0.944135619,1.917080062
2.338659164,4.378989196
-0.128754647,-4.931191958
0.542152277,2.07379132
0,0
-0.003569392,0
0.48657232,1.618429209
2.13143651,3.560735902
-1.372543439,-2.02912395
-0.96594895,-1.948778492
1.823650818,5.513164472
0.486318344,0.056800851
0.575199671,-2.456958659
-0.322567365,-3.471649553
0.695970787,2.483901627
1.074762828,0
1.524430595,-0.46912077
-0.38671634,0.235926448
-1.958456696,-4.306917727
0.535033114,0
0.058866991,0.059209329
0.652636429,-0.550173174
0.181487126,0.182965928
0.651658071,1.822698848
1.016081985,2.08715585
-2.908788758,-1.666225153
-0.106501662,1.666225153
-1.44927399,-1.905580127
1.820881099,-0.121013842
-0.055938204,-0.060561882
-0.255737337,0
0.43186706,0.420930698
1.748981933,3.534014224
0.379621414,2.515172781
0.901143297,-2.977776287
1.691866515,2.412540884
-0.282328529,-1.257878221
0.91206785,-0.345430898
-0.133591754,-0.058046417
1.563282689,1.489888819
-0.545602607,0.057188246
-0.064193061,-0.171662947
1.315140692,2.751075647
0.769528294,2.137535833
-0.927947951,0.539877623
1.038097639,-0.594430243
0.936030293,1.346990686
-0.100934991,1.749281167
-1.611714302,-2.880256346
0.203875647,0.217562182
-1.415717729,-1.196382654
-0.350416228,-1.097562005
0.163987447,-0.111246175
-0.128205847,0.111246175
0.341736411,-0.166915705
-0.721818933,-0.388486427
-1.776103004,-2.760373829
1.573958033,0.740060843
0.347018875,1.071709005
0.083730631,-0.167353552
2.047742656,3.041440193
0.364985571,-0.764521924
-0.552305563,-0.716804778
-0.597156235,-0.778053008
1.045685958,0.333897051
1.826778674,2.089854583
0.234089998,0.325914518
-0.110040722,-0.271183863
-0.942847871,-1.811799351
0.368269999,-0.498558113
-0.809253923,0.389129711
-0.010807909,1.101192432
0.003439234,0.927382539
0.865591806,1.027116614
-0.250997888,-0.80872735
0.942447302,1.238586159
-0.158031064,-0.536108505
0.407772612,0.322409739
0.842416446,0.480679061
-0.464812501,-2.103224205
-0.471944678,-1.152679838
0.227711451,-0.719984131
-1.463307012,-3.159175821
-0.070374229,8.986183827
0.421091312,0.626973509
0.328941293,0.985058377
0.858019924,1.381938734
0.231805574,-2.62743417
0.888840475,0.831408194
0.353036269,0.465967917
0.780770667,1.432369549
0.578001897,-1.7941728
-0.17111952,-1.040717152
0.751153807,-0.36496747
-0.171645852,-1.002189606
-0.527593748,0
-0.972638075,-1.01233521
0.359029178,1.17020713
-0.086040423,-1.383905896
-0.550055581,-1.295923157
1.137122672,0.810913388
0.271419857,-0.810913388
1.667650383,1.617296756
-0.121029666,0.957970019
-0.282160706,-0.744956192
0.61193107,0.212561042
-0.91574255,0.900835803
-0.729704902,-1.113396846
0.205444526,-0.482418606
-0.232987639,3.114278571
0.390725356,1.034800975
0.645918986,1.834948723
0.527812405,0.353231113
0.465698016,1.250656999
-0.576059313,-1.098850757
-1.328820312,-0.706637032
-0.580950159,-0.863739885
-0.147438127,-1.182630466
-1.126276186,-0.881676245
-0.610244148,-2.159402348
-0.191564748,-0.320006633
-1.152214892,-1.344830922
1.14660497,4.861719868
0.431041003,1.68666987
2.048469762,2.207380601
0.060266822,-2.663876985
-0.419065941,1.917964891
0.392701699,1.043094618
1.229721571,0.836947841
-0.080978623,0.830001125
1.11697175,0.968683447
-0.000987484,-1.162824796
0.907030932,1.259717073
-0.159733122,-1.210692569
-0.316142618,0.485314777
0.532615782,0.868749562
0.173963019,1.290019046
-1.372847529,-2.207555708
-0.717245164,-2.453538372
-0.082529714,0.544930277
0.638374147,-2.047230601
0.736957243,-0.760646533
0.449439406,0.253562306
0.913818375,1.110715334
0.243562003,-0.301360091
1.16445741,0
-0.209781284,0.351809937
-0.659762062,-1.363584825
-0.125285693,0.709503873
0.900701625,1.402228041
-0.540525461,-0.798596934
-0.306659987,-0.504024825
0.139087409,0.60303196
0.213116248,-1.209722469
0.006481657,-1.172894609
-1.662298448,-0.204810239
-0.154794291,0.81863656
-0.536954166,-0.715221954
-0.596201628,-0.103414606
0.15601328,-0.103521663
1.263699067,2.391760305
0.272037717,1.643781033
0.002527464,0.640868924
0.374136152,-0.148374774
0.129713003,0.832440594
0.88748539,0.147145673
-0.159221343,-1.967012083
0.821774616,0.890221798
-0.134448464,-0.544619561
-0.299943341,-0.794632568
-0.337860574,-1.003662323
0.291011152,-0.20119407
-0.823450957,-1.628119455
0.258662887,-1.604508436
0.242279708,-0.627951671
0.409950956,0.835748998
-0.411785084,-0.888582954
-0.071507112,2.438225599
0.604312505,0.715661898
0.159817802,0.557926345
-0.140894988,-0.253045173
0.533318777,-0.559343899
0.08935548,0.254462728
0,0
-0.003762356,0
0.515512415,0.354029582
0.483919452,0.657395212
0.155007605,0.402844813
0,0
0.928348908,1.147140576
0.477703496,0.396661191
0.239925568,1.373328951
-0.43902969,-0.438657068
0.943425616,-0.049264231
0.197542178,0.682062647
-0.492355664,-1.075220389
0.274962138,0.539055311
0.993751234,1.984800735
0.95192135,1.191663675
0.712891136,1.552048251
0.23670693,-0.985195224
-0.655887629,-1.901544993
0.365367677,-0.626364926
0.363045873,-0.097267511
0.095516227,-1.853437438
-0.490068759,0.097252175
0.551511262,-1.586131783
0.178658043,2.174960402
-0.917306182,-1.726891829
0.107993253,-1.453742108
0.238834617,-0.201599676
-0.437131712,0.252406471
-0.285010562,0.904542897
-0.121511823,-0.151123661
0.879586867,1.985461283
0.679134458,1.558303268
0.074117625,-1.362638907
0.370245122,1.025072134
-0.10907954,-4.010423808
-0.277141332,0
0.355647828,-0.303496091
0.742354511,1.707139392
0.231753832,-0.098415153
0.830977641,1.286577169
-0.230091896,-0.047696796
0.145462996,-0.248022835
-1.205988201,0
-0.114003817,-2.044186915
-0.010944404,-1.317238334
0.027042425,-1.232693046
0.313034945,0.9755427
0.467382614,0.205773151
-0.019755013,0.203451133
0.927426456,1.215843402
0.119756332,0.402641117
0.226648169,-0.552875887
-0.752406072,0.651883022
-0.428716233,0.649516079
-2.546022712,-3.288690831
0.173620432,0.051747435
-2.072715123,-0.825393571
0.265650289,0.258547647
1.205863737,1.436781587
-1.026446606,-1.436781587
-0.308553145,-0.104110444
-2.007881544,-2.038341744
0.502576965,0.263458137
-0.383021723,0.733621594
1.36106994,0.88682481
0.178713892,-0.363869022
0.792148588,0.724493852
-0.430401684,-0.569494112
-0.02336786,-0.415163752
0.731807272,0.415163752
1.124044026,1.649343778
0.671299595,0.154131613
-0.189741252,-1.233981279
-0.081676969,-1.24744964
0.058109614,1.815632987
0,0
0.028773539,0
0.643051402,1.071870597
-1.021135191,-0.356648643
-0.469127258,-0.049424021
0.33885717,-0.102728008
-0.208610959,0.611007593
0.846150564,2.654527552
-0.717161757,-0.247159636
0.294033532,0.690146565
0.214766908,0.247291371
0.251148547,-0.049409376
-0.074785202,0.489355686
-0.970250635,-1.279554038
-0.809082707,0.544619561
-0.533710285,0.14668674
0.308510277,0
0.087235403,0.735679985
0.162532465,0.388469847
-1.466348987,-1.815456134
-0.385767672,-0.993815425
-2.710840555,-1.816419833
1.309013542,1.915130089
-1.090219192,-0.903189722
0.919875708,0.754155621
-0.281492304,-0.401633223
-1.520199104,-0.959212907
0.614327817,0.254806061
1.370404858,1.804577103
-0.512168922,-1.04964394
-0.110275548,1.297415969
0.505733739,-0.895985218
-0.529763497,-0.30045464
0.611016747,-0.453320123
0.472265348,-2.395972687
-0.16336678,-1.875091332
0.136714123,0
-0.77167189,0.628945175
0.364406557,0.260573798
0.178921194,0.052421587
1.012835913,0.570971135
0.741794811,1.183763643
0.055763444,-0.152698012
-0.016326729,0.20418101
0.070325338,0.663090826
-0.240471065,-0.611634319
-0.795661097,-0.924523511
0.519426205,-0.464520944
0.507362668,0.568309225
0.110047089,0.360498952
-0.031698165,-0.258737315
-0.00235134,0.566432806
-0.472931347,-1.029997694
0.134758388,-0.62274168
0.364655699,-0.312831181
-0.192779996,-1.208006624
0.754527239,1.050248701
-0.145419417,-0.41799385
-0.043682218,-1.322069518
-0.408076627,-0.319834992
-0.336401819,-0.96568883
-0.303374397,0.054229392
-1.010347294,-1.138946076
-0.027694766,0.164371923
0.091515456,0.109431373
0.060690094,-0.109431373
-0.314157259,-1.757068695
0.127128685,0.772903042
-0.581966992,0.602245433
-0.684066506,-2.376847073
-0.001353943,-0.2232726
-0.436188885,-0.674927629
0.077697743,1.066888768
0.668514224,2.699510128
-1.308954998,-3.541615968
-0.180021165,1.342330012
-0.519695217,-1.567112939
0.99139315,1.678854043
0.149603938,2.304027998
0.790862427,1.293138778
-0.140969655,-1.509621923
-0.297123539,0.810913388
0.12611807,-0.649012638
-0.729844975,1.988073366
0.048780182,2.36448199
-1.391368137,3.823137675
-0.773916848,0.696336385
0.979963819,2.452966972
-0.671830455,-0.875933894
-0.180716363,0.682546943
-0.1606708,-0.291690653
0.472019224,1.256698861
0.606567646,0.767490872
0.219630863,-2.122214719
0.275534725,-1.869864382
-0.14920081,0.29747904
0.865133487,0.839607728
0.298005636,1.315880204
0.234228971,1.252438678
0.643562307,-0.527413239
0.331437026,0
-0.080597554,0
-0.31585018,-1.016151724
0.609810551,1.20777241
0.414616659,-0.048318257
0.7593416,1.525906453
0.433474278,0.753434838
0.276601387,-0.753434838
-0.041481324,-0.19057372
-0.553513204,0
0.551528779,1.131047025
0.685251003,0.421735664
-0.067638431,-0.421735664
0.101063627,-0.045416435
0.1615354,0.51409515
0.469827365,-0.374418131
-0.356935782,-0.563391629
0.377282437,1.958138543
-0.513120304,0.552497073
-0.699864352,-4.60459094
0.229833596,3.7746964
-0.728339883,-1.398648498
0.489558227,-0.564983167
0.663069872,1.963631666
-0.303337455,-1.868659886
1.185952114,2.60611241
1.192334065,2.181954025
0.233152774,1.162861917
0.057058409,-0.356749153
-0.02232552,0.446151652
-0.042309497,1.23514197
0.016129713,0.350811713
-0.611966394,-2.478586709
0.292942243,0.178498492
-0.469832775,-0.357316171
-0.461575031,-0.902292081
-0.116191143,-0.27211361
0.511370826,0.904739595
-0.929856091,-1.177595685
0.453828237,-0.915505955
0.235092593,-0.367186974
-1.161489368,-1.674477078
0.394821673,1.488654588
0.685719878,-0.091317127
0.691767277,0.277139616
-0.120105546,-1.863440286
0.793964583,1.863440286
0.885144815,2.099037791
0.387079331,0.450103209
0.022355935,0.090447722
0.874564055,0.715665042
-0.214240022,0
0.057889582,-0.625299054
0.460211294,1.337529182
0.551422859,0.794013756
0.362644706,-0.528641378
-0.136934588,1.054502829
-0.488767788,-0.350811713
1.139583561,1.134455022
0.016406778,-0.174692311
-0.288598059,-1.576249063
-0.497914958,-0.797540616
0.079391919,0.444963475
0.143506931,-0.712230128
0.646963169,-2.803268133
-0.313991784,-0.368223611
-0.020454715,0.092611655
-0.392404734,-0.646639225
0.705752992,2.01716504
0.777228192,0.271865484
0.006136264,0.450913526
-0.174310536,-0.633201287
0.344575018,-1.184491582
-0.03027684,0.822307251
-0.366846195,-0.273351784
0.204998894,1.268737402
0.888586389,1.608640563
0.047051546,-0.443701991
0.214726712,1.676674162
0.388220523,1.045328308
-0.372434185,-1.395121895
0.542259896,0.525861451
-0.010690761,-0.61432079
0.632497116,1.483581234
0.259874125,0.776887206
0.042576904,0.257626936
0.00477277,0
0.050042461,0
0.191206086,0.172446872
0.100321234,0.34082436
0.024795154,0
0.575703278,0
0.679552063,1.271769236
-0.411133885,-0.590427373
0.495754495,-0.425690807
0.478455532,1.604640594
-0.006807591,1.083424126
-0.652436226,-1.419522114
-0.41731299,-0.759192902
0.183374976,-0.083658898
0.226972573,0.759825892
0.513369998,-0.50590857
-0.074246033,-0.594007971
0.201615912,0.25478124
-0.399317712,-0.510213273
-0.010306272,-0.256086159
-0.203404881,-0.944097645
0.739932332,0.773540264
-0.058718372,-1.728259285
0.064113101,0.954719021
-0.024124249,-0.954719021
0.776315098,1.384668506
0.583356147,2.628944906
0.413947443,-0.588025403
0.182539278,0.336661113
0.526602561,0.167126172
0.499099425,-0.588522414
0.298011489,0.672760532
0.073132339,-0.588025403
-0.218153687,-0.084735129
0.858468786,2.167820416
0.113291653,-0.082987557
0.488583334,0.903002861
-0.515430532,-0.738631467
0.315438657,0.246817182
0.006361922,0.900831467
-0.257652556,-0.24460105
-0.494785882,-1.23206101
-0.525506396,-3.705231309
0.342785054,-1.729642152
0.800099499,-0.699993884
0.37041938,-0.706577368
0.823218031,1.668013555
-0.052114571,-1.490077565
0.149323528,-0.088928418
0.726678153,1.666541855
0.129068236,-1.490408672
-0.315193064,-1.06480727
-0.062052895,1.153579263
-0.557980129,-0.619758367
0.481177753,1.059168167
-0.156998494,-0.704314976
0.369250542,1.317563681
-1.392046961,-2.1165159
-0.519392777,-1.798076142
0.148013424,-1.094913859
-0.409277338,0.090563465
-0.00388043,0.184290959
-0.383510676,-0.45965308
0.699253087,1.279712516
0,0
-0.012435958,0
0.070240587,-0.091350471
-0.423650165,-1.095920029
0.365806029,-0.64545148
0.613282676,1.741371509
-0.548579318,-0.546458721
0.862434562,0.0918508
0.685655874,0.545958392
0.358731892,0.361200116
0.120477374,0.270886604
-0.051723275,0.090692291
-0.418342773,-0.905563477
0.613508723,2.51420404
-0.307751419,1.058228322
-1.611586265,-2.217979466
-1.896569861,-1.53587499
0.293295346,1.26644807
-0.378853686,-1.085025976
-0.352840389,0.454649951
0.474945012,0.630376025
-0.034221108,0.090447722
-0.300576337,-1.175473699
-1.536342153,-2.206022186
-0.744530769,-0.745707833
0.149792853,0.560235302
0.434312149,0
0.211635938,1.294566668
0.472531745,0.549968081
0.433293281,0.546959968
0.298458863,0.27236219
-0.139625206,0.453416141
-0.718941613,-2.098828838
-0.061222664,-1.01844421
0.534950309,0.650240077
-0.100525597,-0.277909815
0.007257812,-0.093385221
-0.036665114,-0.185299086
1.043465255,1.293362729
0.533607857,0.549461308
0.159454637,-0.825328278
0.328799091,0.458787075
-0.166787037,0.184290959
-0.151046687,0.637274969
0.538670558,-4.081705371
0.178480323,-1.142889865
0.258275903,0
-0.246680735,-0.096428579
0.818144306,1.334559906
0.09488996,0.093389609
-0.376941711,-1.716002672
-0.141427948,-0.095006774
0.896514578,1.242274141
0.030656853,-1.147267367
0.133735871,0
0.373524814,1.622613064
0.360281973,0.753434838
0.056276856,0.375470871
0.130078168,-1.035516099
0.645694734,0.472656272
0.314974828,1.028923311
-0.310009249,-0.654495887
0.150702201,1.765637601
0.251876688,1.824337586
0.264054918,1.880975054
-0.576587186,-1.070506741
-0.979224271,-1.354452896
0.644970336,0.996173591
0.495624139,-0.181302405
0.273412872,0.181302405
0.684149259,1.162231803
-0.065124503,-0.535249537
-0.030686992,-0.088375317
0.654381217,0.3563582
-1.139235668,-2.072560834
1.224536708,1.356895792
0.795306227,0.715665042
-0.335962567,0.533820896
0.427111864,1.322216574
0.44996469,1.132485536
0.031393564,-0.260082371
0.109691905,-1.31065609
0.920415146,-0.705554417
-0.160044874,0
0.34936321,0.176443959
0.123569198,-0.089007572
-0.208479805,-0.620303207
0.16465285,-0.08964144
0.594002463,0.62250826
0.316176647,0.530042393
-0.183240546,-1.867571575
0.151386746,0.715020922
0.576658904,0.62250826
0.132771046,-0.444963475
-0.696028962,-0.535249537
-0.259573805,2.996423518
0.381286826,1.036295379
0.413626399,0.428108831
1.102076668,0.852338761
-0.47691631,-1.109303685
-0.27608385,-0.687949217
-0.066623178,-0.259407697
-0.19493867,-0.433307064
-0.565343407,-2.10906429
-0.290448867,-1.161816694
0.590106873,0.269183667
0.130944153,0.268461013
-0.524069499,-0.358665483
-0.377345616,-0.26942692
-0.664958427,-0.088852385
-0.457789135,-0.996173591
0.031754363,0
0.119314699,0.363547607
0.511742086,0.180436976
0.54002116,0.541041394
0.237935601,0.26942692
0.399895784,0.626407713
0.911857324,1.416522016
0.606976039,0.437866268
4.47E-05,-0.088072682
0.062767645,0.176067864
0.080677308,-0.176067864
-0.495608035,0.176067864
0.266988839,-0.702858448
0.018231987,-0.52958037
0.407975228,-0.353514864
0.004509758,0.883095234
0.285853952,0.789148862
-0.879782539,-1.495330448
-0.375486104,-0.355798646
0.469517099,1.061980232
1.298892444,0.702858448
-0.07682571,-0.350811713
0.894216441,1.047147013
-0.155228954,-0.260760564
0.46423539,-0.261442303
0.605243657,2.328732565
0.335039984,-0.085819181
-0.533346073,-1.89393521
-1.139032466,-1.137431397
-0.381009695,-1.061035392
0.258296653,0.79683011
0.411242815,0.088693259
-0.35075118,-1.867571575
-1.124235377,-1.629013612
0.015411303,0.726721531
-0.002419696,-1.185113534
-0.286395687,-1.197598527
-1.978990532,-1.873909846
0.52483729,1.873909846
-0.274937845,0.184783881
1.117851127,1.379355848
0.240647065,0.637809192
0.393422135,0.992689232
-0.898804365,-1.904851693
-0.197078554,-0.182751398
1.873296391,2.715129434
0.548623417,0.534290351
0.379357447,1.4979585
1.161010375,2.16421664
-0.032232115,-0.601659574
0.455880741,1.453134139
-0.13885146,-0.937660828
-0.035765885,-0.602179911
0.311311712,1.029190534
1.13229403,1.60871526
-0.136542052,0.502521463
-0.123989982,0.74907879
-0.167565501,-1.167150034
0.653325082,1.083680156
0.963425297,1.565001179
0.310915876,-0.738022007
0.177653976,-0.082851317
0.537795001,1.228038773
-0.205215786,-1.145187456
0.066326254,-0.66010903
-0.02247108,-0.248862087
0.041404519,-1.08613843
-0.519759953,-0.843714499
1.42836031,1.430263042
0.904580909,0.082402424
-0.092842079,-0.501683715
0.357795388,1.167733265
-0.132232177,-0.083400264
-0.274401918,-0.414944779
-0.146026842,-0.334134011
0.267935129,-0.33525421
-0.163114244,-0.082817034
-0.293578293,0.752205255
-0.142619035,-0.669388221
1.185529896,0.585571124
0.161011453,0.083817097
0.219793549,0.498345043
0.737451269,1.1527284
0.03989185,0.408163832
0.33170923,0
0,0
0.346495593,0
-0.056774028,0.16401413
0.346765205,0
-0.487529801,-0.489801865
0.354431872,0
0.896104972,1.057215759
1.024834257,1.527273012
-0.144344011,-0.880576419
0.311598664,0.960785561
0.129802808,0.078661278
-0.762671882,-1.443518139
0.895519125,1.20437419
0.347279052,0.319225815
-0.426197323,-1.200512513
0.320991951,-0.081049445
-0.757685013,-1.87026154
-1.147136168,-1.239192305
1.156346624,0.58071455
-0.353736689,-1.247430309
-0.373861738,-0.25136429
0.053085893,-1.437514422
1.030034055,0
1.076175979,2.271916349
1.01641299,1.896453683
-0.021224406,-1.896453683
0.09713045,0
0.930126634,2.221444857
-0.374910403,-0.570191988
-0.218316932,0.489801865
0.952997038,0.810039188
0.070106884,0.242038047
0.074040135,0.081049445
1.21991966,2.622358341
-0.269251974,0.70341291
0.382438014,1.469407138
0.043352345,0.76359086
-0.158105744,-1.071527998
0.859703709,0.767360386
0.566969393,-0.229447787
0.579230435,-1.38785361
0.506969809,0.232650659
0.811884981,2.824785296
0.20236742,0.376737955
0.388723044,0.597898689
0.632388336,0.446435502
-1.325970909,-0.745634846
0.347532729,-1.583176175
-0.683771813,-0.761843471
-0.679824305,0.152548806
0.470134894,0
-1.318297416,-0.382524267
-0.960509881,-0.770907584
0.75167095,0.077790747
1.052508517,2.065102568
1.171820981,1.129115516
0.253441794,0.373093205
0.631468358,-0.748983591
0.469557393,0.822602374
0.729039569,0.595289296
0.769541528,0.296321015
0.030454055,-0.296321015
0.028697447,0.738477589
0.052546373,0.512481733
0.083720194,0.073581515
-0.486715174,-1.769982034
-0.650589732,-0.671904372
0.150476807,0.075344285
0.736392662,1.632395699
-0.300241301,-0.812866992
0.894500164,-0.297864602
-0.246237945,-0.074952117
0.334456425,1.03875511
0.284952247,1.172144568
-0.549345192,2.163074367
-0.116161259,-0.644023693
-1.539067757,-2.103405564
-0.452524391,0.147432249
0.389276748,0
0,0
-0.006109889,0
-0.269509596,-1.624128938
1.054676674,0.667419931
0.408183746,0.074342281
0.766519746,0.662503881
-0.776095481,-0.811243751
0.270619414,0.663486757
0.202853385,0.513472935
-0.330706597,-0.293285345
-0.423478346,0.438926019
-0.006441717,0
0.417162831,0.800627435
-0.620262876,-1.974487931
0.304078851,-0.593522702
1.415833386,1.108269588
0.525794161,-0.294797386
-0.101932863,-0.664069784
-0.296873548,-0.894202015
-0.06364915,-1.737510386
-2.194728593,-2.466919632
-1.953506437,-0.625991553
-0.346745708,0.156500277
-2.82513774,-4.082260347
-1.489247452,0.570779538
0.5944898,-0.488605263
-3.845766005,-3.57385488
2.914039178,3.082850539
-1.449866318,-2.491848992
0.883075487,1.170077773
2.441666447,1.648359428
0.201614035,0
-2.627807886,-3.663572503
1.146127367,4.721446634
0.060057291,0.966205587
0.505753836,0
-0.633966661,-0.884828808
-2.478584833,-2.206895789
0.082609562,1.882501857
-2.939577753,-2.629091201
1.56654422,1.651073443
-1.295594422,-1.485198648
-2.969955098,-1.254741163
0.472860841,-1.015253152
3.428994146,1.519040436
-0.512196923,0.417374576
1.074106538,0.914293851
-0.112782685,-0.331644565
-0.108914738,-0.165461823
0.658611345,0.081991945
-0.274306207,-0.916553984
0.000995478,0.166847327
-0.471771537,-1.262138216
-0.081167086,0.676166994
1.836082054,2.737652518
1.413731758,0.570191988
0.548007588,0.971687112
0.443857922,0.241453638
-1.252122065,-0.321066094
0.892465956,1.041948599
-0.553876222,0.160482671
0.275225482,-1.5260391
-0.659538329,-1.467041254
-0.09417292,-0.658477755
-2.12970485,-2.173254062
-1.090160518,-1.018706016
-0.977721101,0.42677816
-0.364806912,0.083872045
2.522971569,2.762895408
0.673628686,0.494245058
-1.063836392,-1.823260902
1.832181757,2.642118931
0.123644793,-0.572648534
0.43051629,0.978820473
1.324071076,1.770488408
0.561582603,1.109767938
-0.247172241,-0.950897517
-0.621561641,-0.638494791
1.048713504,0.559833513
-0.614054329,-1.364856861
1.274922507,2.630733901
-0.934797008,-0.868751231
0.008657952,0.475067285
0.382443974,1.723337777
-0.744025208,-1.171442175
0.267579349,-0.158211656
0.947273701,2.102103269
0.809432742,1.073774489
0.765452697,-0.996282916
0.581368663,0.613503244
0.038843036,-0.536071673
-0.261663301,-0.07743157
0.057358399,0
-0.635692685,-0.928094282
0.38850296,0.078153271
0.170492255,0.849941011
0.20403433,0
0.5536054,1.679922868
0.43749869,0.150817898
-0.043917955,-0.60605818
0.630091017,2.403884505
0.504086606,-0.148128691
-0.221146767,0.073399581
-1.10305261,-1.19491708
-1.002946835,-1.287392903
0.582041449,0.304660115
-0.252387761,0.831306832
1.224664196,1.421072146
0.278519334,0.444451311
0.195772006,0
0.393054286,0.516498854
-0.05903092,-1.333766884
-0.609073358,-1.728285925
1.265015024,1.430699767
0.608431237,0
-0.864700025,-1.505602432
-0.23609836,0
0.986971445,0.754933163
0.417803798,0.225653053
0.124180106,0.600191629
0.377004236,0.669900772
-0.177559933,1.252798055
-0.240420133,-0.808677771
0.998970052,1.828658229
0.975745997,-0.509368862
0.038600804,1.735521221
0.205750312,0.784442883
1.160031077,0.918846643
0.163860559,-0.069573439
1.122917758,1.745626675
0.096732811,0.207545177
-0.119529754,-0.137885731
-1.828162001,-2.451563881
1.007580437,1.617632211
0.023501837,-0.209574095
0.309051661,-0.349833272
0.406895141,0.629601053
-0.114241686,0
-0.057783901,-0.629601053
0.075208034,-0.492883047
-0.406252725,-0.282930292
-0.241598317,-0.282411505
0.290625532,0.353548381
0.604774429,-0.283531006
-0.820985771,-0.924734777
0.333777135,0
1.291773163,0.924734777
0.501014188,1.547614836
0.074095949,-0.279964504
-0.277762568,-0.139623821
-0.105461856,-0.561766125
0.313011937,-0.423735024
-0.031162657,-0.782427917
0.343718467,0.923433561
0.017442121,-0.212242933
-0.646363121,0.141106057
0.07169421,0
0.564630868,-0.21239413
0.123502764,-0.854116598
-0.217513274,0
-0.974642112,-1.076661533
-1.587830214,-0.580619787
-0.490151511,-1.685210652
1.362554985,1.54020551
-0.646727569,-0.951116343
-0.385070833,-0.663486757
0.637974945,0
0.449655227,0.14873987
0.385051273,1.392603153
0.756454846,2.942057266
0.057349822,3.201881457
0.632437991,-0.963118126
0.251807753,-0.973785617
0.346653991,0.488078127
0.395913699,0.346437089
0.560284672,0.827608656
0.075785131,-0.757949211
-0.681207472,-0.69489206
0.547542121,0.487060213
0.078671926,0.622204191
-0.186608774,0.54941323
0,0
0.008364549,0
0.669666044,0.751974126
0.215807052,0.270899958
-0.000693446,-0.953930577
0,0
1.473354637,2.167726797
0.368442236,1.925907574
-0.476900113,-0.132398391
-0.116162752,-1.392162514
0.068296424,0.399742314
0.497021511,1.71479801
-0.865016514,-1.382072511
1.432592055,0.857002313
0.393839841,-0.131086505
0.571854678,1.047551393
-0.354968899,-1.708041965
-0.183448932,-0.797893049
0.285701647,-0.401346669
0.604396166,0.134792777
-0.214241125,-0.604239005
-0.315394701,0.268167226
1.072593836,1.797090499
-0.152430431,-0.461997015
-0.814297297,-1.401441765
0.342489619,0.936059832
0.016312223,0.199537783
-0.290597429,-1.675528611
0.843053134,1.343158183
0.742716976,0.862122288
-0.166920218,-0.462915212
0.471432004,1.122100433
0.398466669,0.196789102
-0.424139722,0.392420222
0.611900402,0.909300805
-1.035121182,-0.909300805
0.334849987,1.168104794
0.836474046,0.706784451
0.122939602,0.44783305
0.151815328,-0.318994724
0.361591119,0
-0.334108801,0.38314679
-0.32096782,-0.575272101
0.112643951,0.319607203
-0.104838311,0.953917376
0.417180272,-0.063705541
-3.478250967,-2.760256356
-1.642474948,-3.71483996
-1.071879159,-1.909202054
0.008164117,-1.108491416
-1.487735701,-1.120916812
1.063094133,2.84733777
0.477107702,-1.726420958
1.788971944,1.520868416
0.461780315,0.682692142
-0.461987929,-0.888668074
-1.330188248,-3.000355048
-3.220924119,-4.712347954
1.691246845,1.984656821
-0.020131785,-0.657185458
1.783733348,-0.808677771
0.69270434,3.625803388
0.536284037,1.48467037
1.810838,3.651427523
0.434253542,2.538178889
-0.93578934,-2.200867992
-0.10107789,-2.043711095
-1.037866093,-0.897883717
1.07946471,0.967111827
0.1358,-0.828748245
0.225384672,0.277442802
1.064722792,1.509153734
0.093989945,-0.957848291
0.107421717,0.821936422
0,0
0.000984026,0
0.738719697,0.27290688
0.009518441,-0.341568116
-0.225272934,0.748905807
0.373977214,0.742085764
1.368029585,1.667699452
-0.071148307,-1.064268193
-0.376287269,-0.603431259
-0.562020698,-0.742085764
1.544657307,1.612958392
-0.352213347,-2.293202964
-0.873665107,-2.836191857
0.66476928,1.600739839
0.177835064,-0.762149582
-0.835739872,0.969121123
0.080613357,0.275724271
-0.254517513,-1.176143151
0.528424581,0.486046537
-0.497550332,2.999176876
0.430598631,-1.624985292
0.476167402,0
-0.737095919,-0.616242373
0.085023183,-1.382745081
-0.375996047,-0.839180344
0.176245271,0.700238229
-0.189380888,-0.070193685
0.538724953,0.2091358
0.09026058,-0.839180344
0.224636758,0.35008004
0.830842813,2.00996872
-0.308303609,-0.619204963
-0.112193986,-1.110799253
0.514819209,0.417835135
-1.18439056,-0.907961906
-0.194125765,0.977863012
0.252948518,0
0.185127279,1.857662373
-0.660408851,-1.097094601
0.68012524,-0.484031789
0.344656441,0.896694171
-0.41489149,0.547156858
-0.494176767,0.815793331
-1.516195747,-0.951983713
-1.652516154,-0.754305655
-0.33477424,-0.483695547
1.181671085,1.44285282
-0.887860311,0.068614124
0.198061536,0
1.295749733,1.017315628
1.207904134,1.073019975
0.316282712,-0.200471986
-0.18890736,-0.133455583
0.495513806,-0.201143211
-1.161610808,-2.239697041
-0.926276256,-1.243131261
-0.349857497,0.069901106
-1.02267399,-1.328680855
-0.962957786,-1.13281663
0.773125157,-0.857779841
0.452550771,-0.070922463
-0.399295602,-0.57592942
1.010544257,0.503617027
0.797001168,2.484649169
-0.603824224,-0.42165424
0.452434585,1.190963902
0.148756043,0.208553351
-1.131208439,-1.188467892
-0.71790622,-1.059729388
0.795978684,2.039643929
0.871196827,0.831616363
0.305728792,0.550167143
-0.751937298,0.479721253
-0.758767513,-0.479721253
0.643235324,-0.206118329
-0.841151912,-1.874436393
0.221697303,2.969279695
-1.300669347,0.474225216
-0.970598906,-3.23349068
-2.861119418,-3.703291241
-0.7286238,-1.022081312
-0.450345562,-0.146281803
2.390636635,2.608878839
-2.002696595,-3.124619643
0.680515567,1.246377497
-1.301812286,-1.025215966
-0.908849184,0.294579273
2.140964543,2.536876916
2.415233896,1.984944169
-2.379288945,-4.447969878
-3.045185737,-6.595858921
1.960537347,3.16218247
-1.458622488,-3.320021858
-0.622988097,-0.629445043
-3.53163186,-4.523751203
2.963063734,5.545871685
0.465963949,-0.785430501
-0.479576398,-1.030221796
1.618568939,0.793531816
0.364154037,-0.872193094
-0.129762716,-2.664697914
0.212109209,0
-1.86673133,-3.668170069
0.302792069,1.850903431
0.758833871,-0.417023867
1.142511404,2.642118931
0.506003187,3.916347013
0.759349587,-0.078888552
-1.931355619,-2.703407786
-0.178360667,-2.034091837
-2.521634895,-4.284614374
-1.132440582,-0.431183696
1.599321889,4.63301534
-0.039877228,0.082782731
0.627668586,1.144245231
-1.314820664,-3.13768729
-1.890499706,-2.549017927
1.554584356,4.376825938
3.529618293,5.138154836
-1.08800938,-1.815610137
-0.017886905,0.95164225
-0.499109838,-2.802339801
-0.991964483,-2.96568166
0.800559661,-0.333973499
1.280316146,1.250550299
0.210905319,-1.335000517
0.754375803,0.836655474
1.332013687,3.356378085
0.523688506,3.013268726
0.480947189,2.316750379
0.596568205,0.760944858
-0.116304113,0.303045484
0.429661391,0.526379801
-0.064396723,-1.513588158
0.190840151,-0.688875924
-0.271662449,-0.461901211
-1.461571076,-3.374737257
-1.076050929,-1.852182748
0.54101401,0.729054331
-0.973418575,-2.783061465
-0.811488671,-2.18081318
-1.336773534,-1.625222987
1.136181228,1.455968694
-0.942043849,-0.853788783
1.082105481,0.170704316
0.360892992,0.683084467
0.467350033,0.761755239
0.309446955,0.335660263
1.286573523,1.501310349
-1.997447371,-5.530545011
-1.133803425,-6.133097654
-1.171007407,-3.023175054
-0.03522839,0.479437714
-1.838525363,-2.024189733
-1.080497726,-5.453100576
-1.661474242,-2.445839974
1.278585989,7.800915564
0.586006341,2.693107889
0.261275518,1.13210083
-1.095645897,-0.47132294
-1.039262914,-4.136072769
-2.824710414,-3.549213334
0.710538498,5.011958255
-3.238945278,-5.216996961
0.600787194,0.712029823
2.940358981,3.336487909
-0.806095366,-2.6800942
0.545524147,5.290230218
3.167800231,5.567364431
0.237169843,-2.560158904
1.703183839,4.171670966
-0.868998538,-0.356429784
-1.808271621,-4.093410284
1.552803372,2.838328006
0.642875564,-0.181793748
1.073842369,2.324756664
0.842622013,0.528641378
-0.556909241,-2.312356648
-0.011553673,0
-2.444310429,-6.118823997
0.310704215,1.613379992
-2.384553878,-2.572826009
0.271353033,-1.752743773
-0.483320694,-1.985461283
-0.046688512,0.799662082
1.163320946,0.297770641
0.328981773,2.350773481
0,0
-0.007982159,0
0.09348478,-0.875076921
-0.011489389,-1.081269625
-0.049848448,-0.494201526
0,0
-0.495997393,0.099774592
-0.883799962,0.789136509
-2.014783202,-4.422275878
-1.030421268,-3.078482496
0.205263648,0.264294744
-1.169269309,-3.060055173
-1.108790102,-1.261014676
0.505163794,2.722719515
0.922265474,3.171554823
-3.181109417,-3.385942948
-1.520292384,0.106249697
-0.657377835,0.216160043
-2.050575759,-3.495209113
-6.055869472,-6.719911723
3.256327325,7.495381198
-2.001817496,0.274917083
5.441482879,7.670073346
-0.790142177,-0.716029872
-0.978418362,-1.029669463
2.017333298,1.796919612
-0.152879937,-2.63069405
-1.269045025,-1.791726058
2.28131099,0.425292658
0.134771983,1.939189331
-3.541105603,-4.352555356
0.342656107,-0.380883379
-1.774328463,-3.096260859
-0.338340648,-0.676444746
-2.01064005,-2.928144352
3.426337428,5.989915112
0.685275979,-0.438444432
-0.095532565,-2.398036989
-1.909864808,-3.56232547
2.148336488,7.328724365
0.547322626,3.627722051
-1.075914686,2.690209446
0.763827649,-1.440168906
-1.161394476,-0.623067031
1.762287526,5.472593337
2.205133851,2.147062434
-0.167607646,0.384167064
-1.702089396,-3.822214359
-1.783278627,-4.755858422
-1.886123099,-3.247946961
-1.362548194,-1.141872849
2.061501059,-2.046333834
-2.43867549,-4.688591773
-1.219679488,-0.351909085
-1.507739921,-2.319220603
2.656754691,4.985353849
2.2607146,5.291976391
-2.241769154,-2.193621839
-1.248563404,-4.017197157
-4.887540532,-9.820193085
4.285729798,5.029464741
-0.146621019,2.393200361
0.359393626,1.46799254
0,0
0.021376215,0
4.072785916,6.75947106
-0.612955112,-3.152805955
1.810211302,1.89248676
0.046257112,-0.77590154
-0.579701775,0.720385393
4.225368463,5.789513533
1.995552669,4.879108847
-1.837860631,-3.430003616
0.532742789,0.511402698
0.922643475,-0.718231966
-0.91466582,-1.711162101
-1.229615352,-1.528847401
-1.048048772,-1.554595721
-1.176982206,-2.237184273
-1.13902046,-2.063471276
0.050743805,1.177220859
1.750615456,6.467857607
-0.222430159,-0.052530717
2.70787694,3.538855815
-1.108402467,-3.591414141
-0.732475974,-3.725217029
0.158743618,-1.14640062
-0.483249423,-0.108407746
1.363094901,2.601799053
0.762543212,0.693488189
-0.828887685,-2.256962021
1.144047235,-0.764464433
0.088456239,1.844227547
2.341644063,2.338743613
-0.059491778,0
-0.913151095,-0.474799299
0.558740578,0.265145347
-0.492087678,-2.55879194
-1.276811683,-2.516560903
0.031662616,-1.505288517
-0.206576268,-1.5878712
0.020999103,-2.427925942
0.209404504,-2.008833878
0.181736779,-2.050016722
-0.014262049,0.667717876
-1.930350283,-1.832699757
-1.674893791,-1.866915692
-0.150859791,-1.519040436
-1.197747381,-1.542471662
-0.175660233,0
-0.028878719,1.223476938
0.961708069,-0.900561748
0.102059438,-2.548808817
0.6895305,-0.666116099
-1.35399523,-2.564339861
-0.027088257,-1.448109931
-0.809037703,-2.315433016
0.007418263,3.075481504
-2.386760292,-7.209417867
-1.664820058,-5.868001576
-0.863717602,0.937525064
-1.938999003,-4.77807338
1.756652621,2.657624918
0.649185781,1.024834484
-0.375000829,3.401678729
0.924081259,3.434889157
-2.301814709,-4.273808323
-1.273674612,-3.271367224
-1.374346584,-2.403997815
-1.419342463,-2.795241598
-0.428707801,3.602013185
1.975439529,6.314524744
-3.683702861,-5.943433491
-1.060054997,-1.912000345
-0.2550424,-2.207296129
-2.867716909,-3.490457264
0.375472002,1.325625381
1.010462217,2.338993773
-2.406673588,-4.554981664
0.656914271,1.067487655
-2.141224608,-1.067487655
2.988882183,4.979781918
-1.488364517,-3.028154859
-3.527575474,-6.067844243
0.891090061,0.742769882
-3.406590383,-3.487750625
1.274612377,2.371516603
4.936277097,8.527511768
4.167042013,9.750553301
1.015132288,1.163344247
-1.670150547,-2.89521195
4.066257251,11.18429617
-1.018015946,-1.143284388
-2.498362896,2.413728196
-2.051731246,-5.106559396
-0.310625639,-4.220797446
2.08112229,3.108402971
-0.119028836,0.889829524
-0.613293757,1.030881899
-0.653330548,-0.661106558
4.377887552,8.472869127
1.100634227,-0.066369237
-0.951890985,1.612289032
0.471339923,-2.293268717
2.180104565,3.486250132
-0.798228162,-0.263347052
-3.559661493,-7.401393182
0.449065705,-1.43255144
0.23717319,0.933100314
-0.297139074,-2.020482512
-3.850746077,-5.548892411
0.018697016,-2.895790827
-1.388284751,-1.275527498
2.992610307,4.937904653
-0.692340849,0
-0.29629503,-0.305929708
-0.245853,1.37212034
2.223475541,5.666527239
0.655379816,0.994544705
-0.215401697,0.213118413
2.083772753,2.787372524
-1.086881274,-3.78237996
-3.102335642,-6.181863246
-2.381847191,-3.714058969
5.216588506,11.24426881
-0.052266241,2.983792827
-2.228487239,-5.407824699
-1.715456388,-2.336715851
1.184720704,3.48491181
-5.115241743,-10.36103417
-3.521464074,-2.565138027
-2.674886459,3.11777591
-0.637230277,-5.418303482
12.15313802,25.64826402
-1.785489811,-4.199185656
-3.237952797,-4.314677343
0.510175269,-3.344361467
2.169207456,6.850603276
-2.113681429,-0.951097474
-8.501218173,-9.210182446
2.152841304,-2.345552588
0.986459856,4.345081715
0.222599811,-0.884642226
3.079861181,8.50542583
-9.266725339,-15.8705971
-4.045835086,-9.690076388
-6.137753937,-2.397176454
-0.281607224,-14.06280971
-8.813862022,-15.27441703
7.810327512,3.666276001
3.523284219,13.35313926
-6.349246727,-2.676395078
-6.270790376,-11.49362808
-0.071893417,3.454307981
3.048033581,6.880947139
0.850982966,2.400812043
-5.611598914,-7.713466992
-2.082559609,-2.820090155
-6.584560095,-12.81886959
-5.045688281,-0.312396714
-1.93063584,-6.138934953
8.506431111,5.563660587
4.969129214,7.564278218
2.369534114,-13.73974706
2.248129588,-4.226637707
6.772799662,8.062451818
-0.836203167,5.239089563
-6.70341051,-6.427300135
1.019834785,2.420338699
0.34831593,-1.716509043
-5.566872086,-3.295659331
-4.30102579,-6.227021168
-0.783990805,-6.444861491
0.36732548,0.887876375
-3.573105397,-3.192715919
-1.943658057,-3.030625533
-4.849825611,-14.28954502
-3.846956564,-1.474089534
-1.54225853,4.215689964
6.828071505,9.518631779
2.319546383,13.09500259
-0.017048448,-4.279351017
3.813797275,4.219566782
0.731429003,1.489343307
-5.399510106,-6.970090386
1.173800467,-3.54215874
-0.379015166,-1.782920836
0.31445654,-1.75362695
-3.633768509,-6.237521318
6.70233858,13.25303669
1.393081407,2.564243061
0.2841834,-3.644647597
-1.084603866,3.08860696
-3.388141957,-8.482743956
-1.113032315,-2.810256432
0.548096178,0.415303894
-0.885077503,0.351031514
-0.674063777,-3.508685023
-0.120499546,5.754719114
-1.419864755,-2.177226032
0.7788012,1.298437153
-0.20766976,-1.367245213
0,0
0.002830874,0
1.315347495,3.589151915
1.816176891,-0.873103224
0.395636992,2.9107585
0,0
2.635073068,2.321130837
0.783399763,2.516753373
2.17622154,1.415764673
0.036226307,3.906682951
-0.987178015,4.150146866
-0.360373537,1.126557091
-0.789427247,3.079623503
-2.629459551,-10.6808821
-5.546894678,-15.4852815
-1.936059152,-8.589167623
-0.550923096,-28.56431468
-7.14689427,-10.7615935
-5.28803615,-18.83402515
1.204098079,-9.786509629
-0.346815745,-11.03297549
-1.867015699,-14.50718458
6.380961316,54.95145634
-0.551776992,1.452170733
7.018572067,17.30540253
-3.704281682,-6.47137817
0.315673291,5.619801875
-3.564330628,-11.15275204
0.725357687,-2.782400421
2.446176691,4.864034863
-1.427596788,3.152334752
2.561347143,4.688289326
2.136787338,10.33064595
-2.42175172,-2.442326494
-1.033639182,-4.416812105
-1.765357253,-3.281212334
-1.418818094,-4.380778181
-3.177622374,-3.444341026
-5.255747796,-0.515296029
-0.387057158,-3.46921885
-0.201458458,8.022970535
-5.347852387,-6.010868959
-1.796331585,3.6129339
-1.114377526,-0.506890169
0.207606751,7.260210692
5.539508341,6.776625022
-4.092576175,-19.04806552
-5.540542031,-6.294662781
-3.009396213,-6.972471677
2.65774209,5.355916684
-7.933052676,-27.57325843
-1.838155196,-1.072358998
-0.828534879,-5.393499192
8.793280569,9.467857396
2.660149081,3.643005461
2.638006404,2.672964302
1.235021118,3.020551554
3.563600616,20.42818306
0.101652903,0.438247713
1.892038415,5.019947436
4.356997507,15.86503978
0.86115449,-6.902743708
5.127487867,14.59944524
-0.870293037,-3.094203014
0.506974311,4.642898336
1.458971823,12.69565166
-1.259587618,21.55374688
-6.992308246,-15.3333125
4.542320895,-0.739092635
2.645489844,5.904017004
6.603875739,7.012883048
1.149822466,1.178374642
-0.514283972,1.280373028
-2.282225453,-9.027608422
1.031532696,0.063271119
4.068101333,11.76360778
0,0
0.099454966,0
4.051211336,9.66012756
-1.04655076,0.666114037
3.084786174,7.438785131
2.550942552,6.835638964
-5.043501043,-8.262418055
-0.783835962,-4.90246277
2.847930665,9.118981976
-0.514765535,-0.346057174
2.55207565,8.28050739
-0.785396422,-0.744788979
-2.311192152,-0.859710039
3.303056226,9.932970862
3.066877291,9.299530061
0.001628419,-0.89036251
2.148273039,0
1.902937178,6.588115902
2.204184981,-3.412941183
0.533368366,-4.346270864
3.787399772,1.88401922
-1.885764289,2.115094822
-1.915261929,-6.663359784
-5.765593424,-10.08200597
0.500933176,4.133318925
0.816491117,5.667811744
3.27553714,4.741918273
2.654833273,4.866396004
0.090326151,-0.425716339
-2.285085269,-3.114753695
0.319142568,0.78783088
-0.315283445,0
-0.10188414,0.86640639
0.573035664,0.260029282
-1.673270404,-1.037875715
0.716653036,3.592494242
2.465580949,6.110531345
0.408599745,-14.52151845
-1.854608977,-5.160239532
0.212475998,2.378311363
1.009572538,6.899287149
-1.393848588,-0.440318506
0.365360166,2.179328103
1.506568107,-0.517591381
1.229666807,5.396458807
-0.094975862,-4.189779374
-2.919038075,-4.64608302
-1.104366253,-0.630216457
-3.648771504,-2.557989683
1.33827495,-0.464835113
0.752134264,1.935964972
-3.580472302,-3.717498934
-0.919565249,-1.894377158
2.987598934,4.436038552
-0.677104205,-0.389432123
0.073553532,-0.610694072
2.089571372,4.214777023
-0.273466325,1.193370073
1.663147237,2.529456308
-2.703202755,-0.4323315
0.333583058,2.731496464
-1.864298185,-1.443168577
-0.233694175,1.103484982
-2.37868715,-3.084925502
0.374558575,0.347156822
-1.382905626,0
2.3572463,2.875617344
2.336475816,1.204943835
3.423621824,4.338471828
0.597249212,0.476721068
0.510838306,-0.540455933
1.5617759,-0.031882672
0.71528343,-1.189795909
-0.185660623,-3.186226284
2.210635806,3.686615055
0.606126192,1.325137187
0.451463264,-3.553584109
-1.657267575,-1.977397441
1.041959847,-1.028160832
2.570341124,3.33333949
0.337441979,-0.887486962
2.262007315,6.484424923
-0.559727059,1.825758351
0.586809431,2.406992994
2.225114354,5.070664766
0.953289426,3.05922244
0.279981329,-1.783275878
-2.388706144,-3.489160149
1.200554011,2.028498689
1.825499718,1.642700346
-0.307464104,-0.027790059
-2.553409114,-3.413072531
1.393484739,-0.143898093
-0.147013721,-0.448719543
1.558323064,1.124547653
2.638950098,0.882887918
2.280436634,2.871205133
0.33831338,0.067605636
0.859893541,0.140073562
-0.477127693,1.611658409
1.313966563,3.03057166
-1.342242196,0
-1.720590231,-2.73340192
-2.479229716,-3.004619355
0.29766584,-2.181774668
1.837962965,0.12905892
1.782021183,2.178991146
-0.136514851,-1.119286821
0.98759701,3.100984707
-0.148595708,0.355678881
0.677878348,0.594903301
-0.738791457,-0.053936112
0.562766487,-0.270117788
1.993140658,2.936684359
0.795275584,-0.46190564
-0.266010101,-1.2236628
-1.372354448,-0.98099813
0.613286224,0.376943293
0.559452509,-0.039096863
-1.216873563,-1.822649201
-0.363451507,-2.09257906
1.618623299,2.216950998
0.695924077,1.156682281
0.25247827,0.203748552
-1.839384532,-1.868843143
-2.321029066,-1.777185958
0.837271579,1.404205314
2.731321512,2.202579244
-0.345170974,0.107885456
1.074271555,1.512785131
0.592078245,0.29164729
1.055067444,-1.159552565
-1.486353114,-3.453145708
2.234231869,6.349673207
0.030745273,-0.969750665
-1.15012119,-2.033968424
1.076086153,2.598423629
-0.363157515,-4.908826588
-0.459531909,0.328726482
-1.515131365,-1.641908368
-0.088461063,0.680086246
-2.550220095,-2.480558212
-1.901772596,-3.695873399
-3.981632935,-6.318296502
3.06824731,3.392051405
-2.1312113,-2.454964783
-0.372485389,2.454964783
-2.418791145,-2.005121469
2.79525679,4.102843641
0.29338909,-1.388120432
0.666906368,1.239926351
2.342922065,1.869912375
-0.947100399,-5.239985765
1.124341748,-0.72493495
-0.252041733,0.339330359
-0.09084895,-1.273507759
0.644057555,1.242707081
-0.669053639,-2.817407754
0.081372913,0.760438116
-1.863404845,-2.876811409
-1.057093239,-1.353673608
2.114943995,3.31149288
-0.899491594,-0.158805814
-0.176509692,0.731296266
-4.175813032,-8.30449149
1.546668199,2.292575912
-1.666448143,-1.863350656
2.590571634,1.258343769
-0.1500166,0.489177935
0.326215995,2.324248899
0.571503292,-0.328319302
-0.636248529,-2.148540804
-1.871746429,-3.266153977
-1.998040597,-3.324228057
1.262921501,4.447729597
-0.696891605,-0.950073776
0.895690937,1.2585477
-0.650572224,-2.462961485
1.788469156,2.584220731
-1.85851295,-6.419470272
-1.447193521,-3.568434732
1.065504624,3.259818117
1.197817497,-0.202944426
0.536080166,1.112778497
-0.133477252,0.180977658
0,0
0.493409014,0
0.442376842,-0.362283438
-0.792346905,-1.004766963
0.155207221,1.367050401
0,0
2.185575482,1.636868527
1.75716258,6.06702794
0.479226886,2.942226657
0.714357499,2.731669553
0.665747721,1.586338544
-0.561499873,-1.112941111
-1.299829101,-0.126020352
-0.302278315,-0.921320541
0.716481571,1.566926394
-1.35191354,-2.365525112
-0.071662446,2.083228342
0.054790636,-1.794997558
-2.01324609,-3.671549555
-1.70825859,-6.115632511
-1.135607941,-4.203840146
-0.096873284,1.697540929
-0.205029228,0
-1.644224066,-3.369978588
-0.768770341,-0.716604329
0.975470331,2.094352873
1.386706795,4.215988779
1.463020395,2.605462733
-1.40027803,1.948133702
-3.955307335,-8.164404238
-2.982054349,-1.180310789
-0.381660034,-0.371722515
0.632357676,0.482970356
2.18661337,3.124528658
-0.860787697,-3.478929502
-0.99048349,-2.395324102
0.370798929,4.863348317
1.406893571,6.57459795
1.359463046,2.871214572
0.06507499,1.964547913
0.639718848,1.272114361
0.527041071,1.273350827
-1.811755016,-1.433302003
0.291206215,-0.563315997
-1.477344374,-1.020852312
1.524182553,1.825451003
0.78964257,-0.113301292
1.032930413,3.045978885
1.000634484,2.486727511
1.031692317,0.963467149
2.048290505,2.461886312
-0.010667837,1.0495939
-0.45204408,0.231171459
1.452119409,0.591253292
-0.343463893,-1.186023191
0.91019687,2.329782013
-0.7616263,-0.927491817
1.048492978,2.506074736
0.821431555,0.544270694
-1.083080135,-1.826732579
0.293867027,1.323067931
-0.784855853,-1.122718537
0.916172568,1.206416468
0.039139495,0.308821914
1.241047771,1.684165916
0.312348889,0.66876627
-0.307904027,-0.190266801
-0.71867803,-2.443603548
-0.1242031,0.641708028
1.229881551,0.595067979
0,0
0.038956381,0
0.557877985,0.481988821
-0.22654461,-0.730131016
-1.185147823,-1.239867909
1.527290805,-0.167840743
0.877703742,2.259841003
-0.653566751,-0.45140048
0.662653343,2.850964917
0.514189856,2.54957389
-1.985339215,-2.590880642
-0.939914735,-0.778289991
1.229042011,0.617760697
-1.416530348,-1.867330247
-1.837463893,-1.695803731
0.781530283,0.718848921
0.385261752,2.346468075
-3.724454025,-3.763965578
-1.381401456,-1.46623064
2.399520875,2.595301374
-0.162487577,-6.578844381
-0.159768231,0
-4.214281853,-4.614070892
-2.70508679,-0.075875736
-3.419602603,-6.744585731
-3.696476552,-6.152161357
10.8432734,14.99705101
-1.955181777,-1.282761498
1.564533776,1.037457294
-0.520531118,0.060693006
-4.341361436,-6.303382073
-0.59077301,-1.369337478
1.487568056,0.377476707
-2.677571616,-5.253068627
-1.974236054,-0.759529105
1.078164215,3.713921877
-0.568395005,0.650541637
-3.887791083,-5.833888071
2.294170207,4.546876833
3.315040563,3.927006227
-0.622669147,-1.238396769
-0.008564323,0
-0.39917204,-0.590588127
-0.274478186,-2.266188804
0.970698017,2.068548445
-3.387139218,-4.770116171
-1.12578336,-0.941317204
-1.173599588,-3.323529743
1.836776846,2.200101721
2.286640704,1.803455313
1.356157788,1.037968522
1.895451717,3.545807896
0.941796164,1.793408753
-0.013956609,-0.637880254
0.184383316,2.524562846
1.573621022,-0.095817432
0.761259506,1.51072469
-1.217966218,-2.023307359
-1.707146308,-3.255528675
-2.427428234,-4.693522972
-0.330772325,-2.044081262
0.719278621,1.467034639
-3.903190395,-6.516406785
0.16995864,1.190911972
-2.083068226,-5.784911564
0.767884661,4.444558271
-0.645975573,-2.94564996
3.201008222,5.770668185
2.720859848,6.004912699
1.434198769,3.506878672
0.400138139,-0.515084652
0.164541753,-0.166236003
2.083533128,4.130345643
-0.195524507,0.304308369
-1.105261768,-4.301643109
-1.883476325,-5.367792817
-0.425876278,0.226060751
-0.449371421,-0.1559591
0.881050554,1.877530185
2.762773528,4.513790437
-0.174488693,-0.545319703
1.915208119,4.419569869
2.967832699,7.298626704
-0.174049428,-0.13102482
0.109319234,-1.488018398
-0.945521383,-0.389121431
2.965210571,3.295867133
0.204144027,-0.348828345
-0.386821838,-0.850729576
-0.061202785,-4.776545908
-1.323398069,0.184661925
